title,miles,location,price,url
2022 GMC Sierra Denali,,,"$37,990",https://cars.ksl.com/listing/10279857
2020 Chevrolet Silverado 2500HD LTZ,,,"$37,548",https://cars.ksl.com/listing/10321860
2026 GMC 2500 Pro,5 Miles,"South Jordan, UT","$59,750",https://cars.ksl.com/listing/10368459
2013 GMC 2500 SLT,,,"$22,777",https://cars.ksl.com/listing/10350883
2026 Chevrolet Silverado 2500HD LT,,,"$61,635",https://cars.ksl.com/listing/10368415
2022 GMC Sierra AT4,"51,304 Miles","Burley, ID","$39,999",https://cars.ksl.com/listing/10285817
2020 Chevrolet Silverado 2500HD,"215,000 Miles","Nephi, UT","$18,950",https://cars.ksl.com/listing/10223979
2012 Chevrolet Silverado 2500HD LT,"210,692 Miles","Salt Lake City, UT","$9,499",https://cars.ksl.com/listing/10410322
2022 GMC Sierra Denali,"58,512 Miles","American Fork, UT","$39,676",https://cars.ksl.com/listing/10367913
2020 Chevrolet Silverado 2500HD LT,,,"$34,446",https://cars.ksl.com/listing/10338900
2024 Chevrolet Silverado 2500HD LT,,,"$48,300",https://cars.ksl.com/listing/10173086
2002 Chevrolet Silverado 2500HD LT,,,"$18,995",https://cars.ksl.com/listing/10331604
2026 Chevrolet Silverado 2500HD Work Truck,5 Miles,"Salt Lake City, UT","$54,303",https://cars.ksl.com/listing/10410286
2026 Chevrolet Silverado 2500HD Work Truck,6 Miles,"Salt Lake City, UT","$54,303",https://cars.ksl.com/listing/10410285
2026 Chevrolet Silverado 2500HD Work Truck,5 Miles,"Salt Lake City, UT","$54,303",https://cars.ksl.com/listing/10410284
2026 Chevrolet Silverado 2500HD Work Truck,6 Miles,"Salt Lake City, UT","$54,303",https://cars.ksl.com/listing/10410282
2026 Chevrolet Silverado 2500HD Work Truck,5 Miles,"Salt Lake City, UT","$54,303",https://cars.ksl.com/listing/10410281
2026 Chevrolet Silverado 2500HD Work Truck,7 Miles,"Salt Lake City, UT","$54,303",https://cars.ksl.com/listing/10410280
2026 Chevrolet Silverado 2500HD Work Truck,7 Miles,"Salt Lake City, UT","$54,303",https://cars.ksl.com/listing/10410278
2026 Chevrolet Silverado 2500HD Work Truck,"Salt Lake City, UT",| 4 Hours,"$57,214",https://cars.ksl.com/listing/10410275
2022 GMC Sierra Denali,,,"$37,990",https://cars.ksl.com/listing/10279857
2026 Chevrolet Silverado 2500HD Work Truck,5 Miles,"Salt Lake City, UT","$54,303",https://cars.ksl.com/listing/10410274
2026 Chevrolet Silverado 2500HD Work Truck,4 Miles,"Salt Lake City, UT","$54,303",https://cars.ksl.com/listing/10410271
2026 Chevrolet Silverado 2500HD Work Truck,6 Miles,"Salt Lake City, UT","$54,303",https://cars.ksl.com/listing/10410270
2026 Chevrolet Silverado 2500HD Custom,"Salt Lake City, UT",| 4 Hours,"$56,242",https://cars.ksl.com/listing/10410268
2026 Chevrolet Silverado 2500HD Work Truck,5 Miles,"Salt Lake City, UT","$54,303",https://cars.ksl.com/listing/10410267
2024 Chevrolet Silverado 2500HD LT,,,"$54,500",https://cars.ksl.com/listing/10327965
2026 Chevrolet Silverado 2500HD Work Truck,5 Miles,"South Jordan, UT","$53,438",https://cars.ksl.com/listing/10388485
2026 Chevrolet Silverado 2500HD Work Truck,5 Miles,"South Jordan, UT","$53,438",https://cars.ksl.com/listing/10388484
2026 Chevrolet Silverado 2500HD Work Truck,5 Miles,"South Jordan, UT","$53,085",https://cars.ksl.com/listing/10388483
2024 Chevrolet Silverado 2500HD LT,,,"$48,300",https://cars.ksl.com/listing/10173086
2024 Chevrolet Silverado 2500HD Work Truck,"41,978 Miles","Boise, ID","$44,994",https://cars.ksl.com/listing/10359744
2020 GMC 2500 Denali,,,"$47,995",https://cars.ksl.com/listing/10368195
2022 GMC Sierra Elevation,"78,309 Miles","Brigham City, UT","$32,030",https://cars.ksl.com/listing/10388451
2022 GMC 2500 SLE,,,"$32,995",https://cars.ksl.com/listing/10086996
2012 Chevrolet Silverado 2500HD LT,"225,228 Miles","Perry, UT","$11,315",https://cars.ksl.com/listing/10327750
2026 Chevrolet Silverado 2500HD Work Truck,6 Miles,"Murray, UT","$55,595",https://cars.ksl.com/listing/10191001
2022 GMC 2500 AT4,"48,919 Miles","Salt Lake City, UT","$45,750",https://cars.ksl.com/listing/10397185
2022 Chevrolet Silverado 2500HD Custom,"86,142 Miles","Pleasant Grove, UT","$29,999",https://cars.ksl.com/listing/10388208
2020 Chevrolet Silverado 2500HD Work Truck,"122,977 Miles","Ogden, UT","$26,388",https://cars.ksl.com/listing/10409914
2013 GMC 2500 SLT,,,"$22,777",https://cars.ksl.com/listing/10350883
2022 GMC Sierra AT4,"48,193 Miles","Centerville, UT","$40,883",https://cars.ksl.com/listing/10409867
2026 GMC 2500 Pro,5 Miles,"Salt Lake City, UT","$47,561",https://cars.ksl.com/listing/10409777
2026 GMC 2500 Pro,2 Miles,"North Salt Lake, UT","$54,917",https://cars.ksl.com/listing/10295461
2026 GMC 2500 Pro,5 Miles,"South Jordan, UT","$61,255",https://cars.ksl.com/listing/10250097
2013 Chevrolet Silverado 2500HD LT,"156,378 Miles","Broomfield, CO","$18,988",https://cars.ksl.com/listing/10367542
2021 Chevrolet Silverado 2500HD LTZ,"80,242 Miles","South Jordan, UT","$41,344",https://cars.ksl.com/listing/10398702
2011 Chevrolet Silverado 2500HD LT,"195,000 Miles","Salt Lake City, UT","$8,500",https://cars.ksl.com/listing/10027704
2026 GMC 2500 Denali,6 Miles,"North Salt Lake, UT","$73,253",https://cars.ksl.com/listing/10306304
2026 GMC 2500 SLT,6 Miles,"Salt Lake City, UT","$65,211",https://cars.ksl.com/listing/10226290
2002 Chevrolet Silverado 2500HD LT,,,"$18,995",https://cars.ksl.com/listing/10331604
2004 Chevrolet Silverado 2500HD LT,"198,100 Miles","Nephi, UT","$4,900",https://cars.ksl.com/listing/10367064
2026 GMC 2500 Pro,6 Miles,"South Jordan, UT","$58,808",https://cars.ksl.com/listing/10326804
2026 GMC 2500 Pro,6 Miles,"South Jordan, UT","$58,808",https://cars.ksl.com/listing/10326793
2026 GMC 2500 Pro,5 Miles,"South Jordan, UT","$59,455",https://cars.ksl.com/listing/10326791
2022 GMC 2500 SLE,"121,655 Miles","North Logan, UT","$35,234",https://cars.ksl.com/listing/10249789
2026 GMC 2500 SLE,7 Miles,"North Salt Lake, UT","$61,637",https://cars.ksl.com/listing/10376348
2026 GMC 2500 Pro,5 Miles,"North Salt Lake, UT","$53,429",https://cars.ksl.com/listing/10366839
2026 GMC 2500 Pro,5 Miles,"South Jordan, UT","$59,320",https://cars.ksl.com/listing/10366822
2022 GMC Sierra AT4,,,"$24,998",https://cars.ksl.com/listing/10376190
2022 GMC Sierra Denali,,,"$37,990",https://cars.ksl.com/listing/10279857
2022 GMC Sierra Denali,"46,041 Miles","Woods Cross, UT","$39,116",https://cars.ksl.com/listing/10358961
2025 Chevrolet Silverado 2500HD Work Truck,3 Miles,"Layton, UT","$73,278",https://cars.ksl.com/listing/10011423
2026 Chevrolet Silverado 2500HD Custom,,,"$56,985",https://cars.ksl.com/listing/10348836
2026 GMC 2500 Pro,17 Miles,"North Salt Lake, UT","$55,500",https://cars.ksl.com/listing/10189252
2022 GMC Sierra Denali,,,"$46,995",https://cars.ksl.com/listing/10349040
2022 GMC Sierra AT4,,,"$36,700",https://cars.ksl.com/listing/10326524
2025 Chevrolet Silverado 2500HD LTZ,,,"$53,000",https://cars.ksl.com/listing/10375787
2024 GMC 2500 AT4,,,"$69,990",https://cars.ksl.com/listing/10386616
2025 Chevrolet Silverado 2500HD LT,"9,701 Miles","American Fork, UT","$63,798",https://cars.ksl.com/listing/10389951
2022 Chevrolet Silverado 2500HD Custom,,,"$42,977",https://cars.ksl.com/listing/10347646
2024 Chevrolet Silverado 2500HD LTZ,"27,964 Miles","Brigham City, UT","$61,984",https://cars.ksl.com/listing/10397577
2022 GMC Sierra Denali,"34,284 Miles","Layton, UT","$40,990",https://cars.ksl.com/listing/10375573
2026 GMC 2500 Pro,5 Miles,"Salt Lake City, UT","$47,561",https://cars.ksl.com/listing/10408073
2026 Chevrolet Silverado 2500HD Custom,5 Miles,"Pocatello, ID","$55,740",https://cars.ksl.com/listing/10397240
2024 Chevrolet Silverado 2500HD LTZ,"49,000 Miles","Blackfoot, ID","$54,380",https://cars.ksl.com/listing/10386126
2026 GMC 2500 Pro,5 Miles,"South Jordan, UT","$61,055",https://cars.ksl.com/listing/10237031
2026 GMC 2500 Pro,5 Miles,"South Jordan, UT","$61,255",https://cars.ksl.com/listing/10237027
2024 GMC 2500 AT4,,,"$66,495",https://cars.ksl.com/listing/10088986
2022 GMC Sierra Elevation,"111,750 Miles","Tremonton, UT","$26,873",https://cars.ksl.com/listing/10407787
2024 Chevrolet Silverado 2500HD LT,,,"$48,298",https://cars.ksl.com/listing/10333276
2026 GMC 2500 SLE,5 Miles,"North Salt Lake, UT","$62,965",https://cars.ksl.com/listing/10293459
2022 GMC Sierra Elevation,"63,346 Miles","Twin Falls, ID","$33,999",https://cars.ksl.com/listing/10385695
2022 GMC Sierra AT4,"88,341 Miles","Orem, UT","$35,999",https://cars.ksl.com/listing/10407659
2012 Chevrolet Silverado 2500HD Work Truck,"116,490 Miles","Pocatello, ID","$17,995",https://cars.ksl.com/listing/10407428
2008 GMC 2500,"118,164 Miles","Pocatello, ID","$16,995",https://cars.ksl.com/listing/10407427
2011 Chevrolet Silverado 2500HD,"178,357 Miles","Sandy, UT","$12,995",https://cars.ksl.com/listing/10378509
2001 Chevrolet Silverado 2500HD Base,"100,755 Miles","American Fork, UT","$14,500",https://cars.ksl.com/listing/10406899
2026 GMC 2500 Pro,5 Miles,"South Jordan, UT","$61,255",https://cars.ksl.com/listing/10335641
2024 Chevrolet Silverado 2500HD LTZ,,,"$58,999",https://cars.ksl.com/listing/10331791
2002 Chevrolet Silverado 2500HD LT,,,"$18,995",https://cars.ksl.com/listing/10331604
2022 GMC Sierra SLE,,,"$32,990",https://cars.ksl.com/listing/10304150
2008 GMC 2500 Work Truck,"246,388 Miles","Hooper, UT","$5,000",https://cars.ksl.com/listing/10407179
2022 GMC Sierra Denali,"55,325 Miles","Orem, UT","$34,999",https://cars.ksl.com/listing/10342547
2024 GMC 2500 AT4,"8,048 Miles","Logan, UT","$69,107",https://cars.ksl.com/listing/10160542
2022 GMC Sierra Denali,"47,990 Miles","Draper, UT","$42,995",https://cars.ksl.com/listing/10350315
2023 Chevrolet Silverado 2500HD LT,"73,379 Miles","Salt Lake City, UT","$44,500",https://cars.ksl.com/listing/10346637
2020 Chevrolet Silverado 2500HD LT,"43,490 Miles","Boise, ID","$45,994",https://cars.ksl.com/listing/10357251
2020 GMC 2500 SLE,,,"$33,995",https://cars.ksl.com/listing/10364243
2026 GMC 2500 SLE,9 Miles,"Layton, UT","$55,491",https://cars.ksl.com/listing/10346501
2020 Chevrolet Silverado 2500HD LTZ,,,"$37,548",https://cars.ksl.com/listing/10321860
2023 Chevrolet Silverado 2500HD Custom,"52,892 Miles","Woods Cross, UT","$36,100",https://cars.ksl.com/listing/10357122
2026 Chevrolet Silverado 2500HD Work Truck,3 Miles,"Boise, ID","$52,130",https://cars.ksl.com/listing/10374256
2025 Chevrolet Silverado 2500HD Work Truck,3 Miles,"Boise, ID","$65,887",https://cars.ksl.com/listing/9817279
2025 Chevrolet Silverado 2500HD Work Truck,3 Miles,"Boise, ID","$65,887",https://cars.ksl.com/listing/9817277
2023 GMC 2500 Denali,,,"$62,496",https://cars.ksl.com/listing/10384321
2003 Chevrolet Silverado 2500HD LT,"161,555 Miles","Salt Lake City, UT","$12,432",https://cars.ksl.com/listing/10406446
2023 GMC 2500 SLE,"23,002 Miles","Draper, UT","$49,995",https://cars.ksl.com/listing/10400720
2026 Chevrolet Silverado 2500HD LT,10 Miles,"Layton, UT","$62,080",https://cars.ksl.com/listing/10395372
2022 GMC 2500 AT4,,,"$54,995",https://cars.ksl.com/listing/10364164
2002 Chevrolet Silverado 2500HD LT,,,"$18,995",https://cars.ksl.com/listing/10331604
2006 Chevrolet Silverado 2500HD LT,"132,250 Miles","Monroe, UT","$16,200",https://cars.ksl.com/listing/10406182
2005 Chevrolet Silverado 2500HD LT,"85,000 Miles","Price, UT","$12,000",https://cars.ksl.com/listing/10406121
2002 Chevrolet Silverado 2500HD LT,"150,000 Miles","Ogden, UT","$10,500",https://cars.ksl.com/listing/10406101
2023 Chevrolet Silverado 2500HD LT,"54,293 Miles","American Fork, UT","$41,995",https://cars.ksl.com/listing/10405701
2007 Chevrolet Silverado 2500HD LTZ,"151,000 Miles","Rexburg, ID","$12,000",https://cars.ksl.com/listing/10405619
2024 Chevrolet Silverado 2500HD Work Truck,"30,686 Miles","Draper, UT","$45,900",https://cars.ksl.com/listing/10361988
2024 GMC 2500 SLE,,,"$45,995",https://cars.ksl.com/listing/10355547
2026 Chevrolet Silverado 2500HD Custom,5 Miles,"South Jordan, UT","$59,695",https://cars.ksl.com/listing/10383098
2020 Chevrolet Silverado 2500HD LT,,,"$32,382",https://cars.ksl.com/listing/10150448
2013 GMC 2500 SLE,"188,041 Miles","Pocatello, ID","$13,900",https://cars.ksl.com/listing/10257492
2011 Chevrolet Silverado 2500HD LT,"123,689 Miles","American Fork, UT","$21,997",https://cars.ksl.com/listing/10393437
2022 Chevrolet Silverado 2500HD Custom,"32,820 Miles","Salt Lake City, UT","$42,977",https://cars.ksl.com/listing/10347646
2025 GMC 2500 Pro,3 Miles,"North Salt Lake, UT","$54,518",https://cars.ksl.com/listing/10234530
2022 GMC Sierra Denali,,,"$37,990",https://cars.ksl.com/listing/10279857
2021 Chevrolet Silverado 2500HD Work Truck,"104,540 Miles","Pocatello, ID","$29,995",https://cars.ksl.com/listing/10279792
2004 Chevrolet Silverado 2500HD LS,"55,029 Miles","Orem, UT","$31,995",https://cars.ksl.com/listing/10313074
2026 Chevrolet Silverado 2500HD ZR2,4 Miles,"Boise, ID","$71,825",https://cars.ksl.com/listing/10322531
2025 Chevrolet Silverado 2500HD Work Truck,,,"$72,700",https://cars.ksl.com/listing/9970126
2024 Chevrolet Silverado 2500HD LT,,,"$48,298",https://cars.ksl.com/listing/10333276
2022 GMC Sierra Denali,,,"$39,676",https://cars.ksl.com/listing/10367913
2024 Chevrolet Silverado 2500HD LT,"62,276 Miles","Woods Cross, UT","$51,811",https://cars.ksl.com/listing/10362821
2025 GMC 2500 Pro,5 Miles,"South Jordan, UT","$52,080",https://cars.ksl.com/listing/10404608
2020 Chevrolet Silverado 2500HD Work Truck,"143,914 Miles","Hurricane, UT","$25,795",https://cars.ksl.com/listing/10322222
2023 Chevrolet Silverado 2500HD Custom,"18,143 Miles","Elko, NV","$47,894",https://cars.ksl.com/listing/10372129
2020 Chevrolet Silverado 2500HD LTZ,,,"$37,548",https://cars.ksl.com/listing/10321860
2007 GMC 2500,1 Miles,"Layton, UT","$11,200",https://cars.ksl.com/listing/10404456
2024 Chevrolet Silverado 2500HD LT,"49,891 Miles","Provo, UT","$48,300",https://cars.ksl.com/listing/10173086
2026 GMC 2500 Pro,5 Miles,"South Jordan, UT","$61,255",https://cars.ksl.com/listing/10244534
2026 GMC 2500 Denali,6 Miles,"Salt Lake City, UT","$71,084",https://cars.ksl.com/listing/10172605
2022 GMC Sierra AT4,"88,341 Miles","Orem, UT","$35,999",https://cars.ksl.com/listing/10407659
2022 GMC 2500 SLE,,,"$36,992",https://cars.ksl.com/listing/10196319
2013 GMC 2500 Work Truck,"108,499 Miles","Twin Falls, ID","$23,999",https://cars.ksl.com/listing/10403984
2022 GMC 2500 SLE,"123,496 Miles","Idaho Falls, ID","$36,455",https://cars.ksl.com/listing/10244318
2026 GMC 2500 Denali,6 Miles,"Salt Lake City, UT","$72,072",https://cars.ksl.com/listing/10309648
2013 Chevrolet Silverado 2500HD LT,"184,000 Miles","Franklin, ID","$14,500",https://cars.ksl.com/listing/10403677
2023 Chevrolet Silverado 2500HD High Country,,,"$55,766",https://cars.ksl.com/listing/10343526
2026 GMC 2500 Pro,5 Miles,"South Jordan, UT","$59,750",https://cars.ksl.com/listing/10371114
2026 GMC 2500 Pro,5 Miles,"South Jordan, UT","$59,750",https://cars.ksl.com/listing/10371112
2026 GMC 2500 Pro,5 Miles,"South Jordan, UT","$59,320",https://cars.ksl.com/listing/10371111
2020 Chevrolet Silverado 2500HD LT,,,"$32,382",https://cars.ksl.com/listing/10150448
2026 GMC 2500 Pro,5 Miles,"South Jordan, UT","$59,750",https://cars.ksl.com/listing/10371110
2026 GMC 2500 Pro,5 Miles,"South Jordan, UT","$59,320",https://cars.ksl.com/listing/10371108
2002 Chevrolet Silverado 2500HD,"205,947 Miles","Clearfield, UT","$9,950",https://cars.ksl.com/listing/10371632
2026 Chevrolet Silverado 2500HD Custom,6 Miles,"Murray, UT","$59,170",https://cars.ksl.com/listing/10392317
2022 GMC 2500 Denali,"73,303 Miles","Pleasant Grove, UT","$38,990",https://cars.ksl.com/listing/9996927
2022 GMC 2500 SLT,"112,493 Miles","Blackfoot, ID","$36,756",https://cars.ksl.com/listing/10300178
2026 Chevrolet Silverado 2500HD Work Truck,6 Miles,"Salt Lake City, UT","$53,139",https://cars.ksl.com/listing/10403238
2026 Chevrolet Silverado 2500HD Work Truck,9 Miles,"Salt Lake City, UT","$51,773",https://cars.ksl.com/listing/10403233
2026 Chevrolet Silverado 2500HD Work Truck,12 Miles,"Salt Lake City, UT","$51,394",https://cars.ksl.com/listing/10403231
2022 GMC Sierra Denali,,,"$37,990",https://cars.ksl.com/listing/10279857
2026 Chevrolet Silverado 2500HD Work Truck,"Salt Lake City, UT",| 5 Days,"$54,303",https://cars.ksl.com/listing/10403228
2026 Chevrolet Silverado 2500HD Work Truck,12 Miles,"Salt Lake City, UT","$49,627",https://cars.ksl.com/listing/10403227
2026 Chevrolet Silverado 2500HD Work Truck,6 Miles,"Salt Lake City, UT","$53,139",https://cars.ksl.com/listing/10403226
2026 Chevrolet Silverado 2500HD Work Truck,3 Miles,"Salt Lake City, UT","$50,922",https://cars.ksl.com/listing/10403224
2025 Chevrolet Silverado 2500HD Work Truck,12 Miles,"Salt Lake City, UT","$48,066",https://cars.ksl.com/listing/10403223
2026 Chevrolet Silverado 2500HD Work Truck,5 Miles,"Salt Lake City, UT","$54,303",https://cars.ksl.com/listing/10403218
2026 Chevrolet Silverado 2500HD Work Truck,5 Miles,"Salt Lake City, UT","$53,139",https://cars.ksl.com/listing/10403217
2026 Chevrolet Silverado 2500HD Work Truck,6 Miles,"Salt Lake City, UT","$54,303",https://cars.ksl.com/listing/10403213
2026 Chevrolet Silverado 2500HD Custom,6 Miles,"Salt Lake City, UT","$55,037",https://cars.ksl.com/listing/10403212
2024 Chevrolet Silverado 2500HD LT,,,"$48,300",https://cars.ksl.com/listing/10173086
2026 Chevrolet Silverado 2500HD Work Truck,5 Miles,"Salt Lake City, UT","$51,394",https://cars.ksl.com/listing/10403211
2026 Chevrolet Silverado 2500HD Work Truck,5 Miles,"Salt Lake City, UT","$54,303",https://cars.ksl.com/listing/10403210
2026 Chevrolet Silverado 2500HD Work Truck,6 Miles,"Salt Lake City, UT","$54,303",https://cars.ksl.com/listing/10403209
2026 Chevrolet Silverado 2500HD Work Truck,1 Miles,"Salt Lake City, UT","$49,627",https://cars.ksl.com/listing/10403208
2026 Chevrolet Silverado 2500HD Work Truck,4 Miles,"Salt Lake City, UT","$54,303",https://cars.ksl.com/listing/10403204
2024 GMC 2500 AT4,"15,614 Miles","Heber City, UT","$64,400",https://cars.ksl.com/listing/10359157
2002 Chevrolet Silverado 2500HD LT,,,"$18,995",https://cars.ksl.com/listing/10331604
2026 GMC 2500 SLE,6 Miles,"North Salt Lake, UT","$62,095",https://cars.ksl.com/listing/10194765
2022 GMC Sierra AT4,,,"$39,995",https://cars.ksl.com/listing/10361408
2004 Chevrolet Silverado 2500HD LS,"55,029 Miles","Orem, UT","$31,995",https://cars.ksl.com/listing/10313074
2021 GMC 2500 SLT,"114,016 Miles","Idaho Falls, ID","$41,999",https://cars.ksl.com/listing/10392164
2022 GMC 2500 SLE,"15,354 Miles","Springville, UT","$48,695",https://cars.ksl.com/listing/10402863
2026 Chevrolet Silverado 2500HD Custom,5 Miles,"South Jordan, UT","$54,988",https://cars.ksl.com/listing/10242201
2012 Chevrolet Silverado 2500HD Work Truck,"151,352 Miles","Ogden, UT","$13,995",https://cars.ksl.com/listing/10402224
2024 GMC 2500 SLE,,,"$52,974",https://cars.ksl.com/listing/10360527
2026 GMC 2500 Pro,6 Miles,"South Jordan, UT","$58,808",https://cars.ksl.com/listing/10352752
2026 GMC 2500 Pro,6 Miles,"South Jordan, UT","$58,808",https://cars.ksl.com/listing/10352751
2018 GMC 2500 SLE,"112,066 Miles","Sandy, UT","$21,990",https://cars.ksl.com/listing/10401762
2003 Chevrolet Silverado 2500HD LT,,,"$23,495",https://cars.ksl.com/listing/10298320
2024 Chevrolet Silverado 2500HD LT,,,"$48,300",https://cars.ksl.com/listing/10173086
2003 Chevrolet Silverado 2500HD LT,"144,743 Miles","West Jordan, UT","$13,000",https://cars.ksl.com/listing/10401623
2026 Chevrolet Silverado 2500HD LT,10 Miles,"Salt Lake City, UT","$58,393",https://cars.ksl.com/listing/10309638
2021 Chevrolet Silverado 2500HD LT,"128,117 Miles","Salt Lake City, UT","$31,500",https://cars.ksl.com/listing/10309634
2026 GMC 2500 Pro,6 Miles,"North Salt Lake, UT","$53,429",https://cars.ksl.com/listing/10369500
2013 Chevrolet Silverado 2500HD Work Truck,"73,143 Miles","Millcreek, UT","$19,990",https://cars.ksl.com/listing/10378239
2024 Chevrolet Silverado 2500HD Work Truck,"38,640 Miles","Windsor, CO","$38,100",https://cars.ksl.com/listing/10206329
2026 Chevrolet Silverado 2500HD Work Truck,3 Miles,"Layton, UT","$53,521",https://cars.ksl.com/listing/10329783
2026 Chevrolet Silverado 2500HD Work Truck,10 Miles,"Layton, UT","$51,802",https://cars.ksl.com/listing/10329781
2026 Chevrolet Silverado 2500HD LT,5 Miles,"Layton, UT","$64,800",https://cars.ksl.com/listing/10329780
2005 Chevrolet Silverado 2500HD LT,"85,000 Miles","Price, UT","$12,000",https://cars.ksl.com/listing/10406121
2022 GMC Sierra Denali,"91,003 Miles","Centerville, UT","$36,997",https://cars.ksl.com/listing/10400919
2022 GMC Sierra SLE,"34,446 Miles","Woods Cross, UT","$29,300",https://cars.ksl.com/listing/10400854
2003 Chevrolet Silverado 2500HD LT,"113,026 Miles","Spanish Fork, UT","$16,995",https://cars.ksl.com/listing/10400370
2005 Chevrolet Silverado 2500HD LS,"126,274 Miles","Springville, UT","$23,000",https://cars.ksl.com/listing/10252310
2004 Chevrolet Silverado 2500HD K2500 HEAVY DUTY LTZ,"202,680 Miles","Heber, UT","$9,000",https://cars.ksl.com/listing/10398803
2004 Chevrolet Silverado 2500HD,"217,000 Miles","Ammon, ID","$4,500",https://cars.ksl.com/listing/10398531
2011 Chevrolet Silverado 2500HD LT,"118,620 Miles","Hurricane, UT","$17,977",https://cars.ksl.com/listing/9942208
2019 GMC Sierra SLE,"78,232 Miles","Murray, UT","$19,999",https://cars.ksl.com/listing/10374938
2021 Chevrolet Silverado 2500HD Custom,,,"$45,000",https://cars.ksl.com/listing/10398045
2024 Chevrolet Silverado 2500HD LT,,,"$48,300",https://cars.ksl.com/listing/10173086
2022 GMC Sierra Denali,"52,005 Miles","Orem, UT","$34,999",https://cars.ksl.com/listing/10397970
2024 Chevrolet Silverado 2500HD High Country,"18,181 Miles","Las Vegas, NV","$58,000",https://cars.ksl.com/listing/10336968
2025 Chevrolet Silverado 2500HD Work Truck,5 Miles,"American Fork, UT","$52,845",https://cars.ksl.com/listing/10387014
2002 Chevrolet Silverado 2500HD LT,,,"$11,000",https://cars.ksl.com/listing/10342325
2013 Chevrolet Silverado 2500HD LT,"137,813 Miles","Millcreek, UT","$19,990",https://cars.ksl.com/listing/10396443
2010 GMC 2500 Work Truck,,,"$28,495",https://cars.ksl.com/listing/10288741
2026 Chevrolet Silverado 2500HD ZR2,9 Miles,"American Fork, UT","$77,125",https://cars.ksl.com/listing/10388606
2011 Chevrolet Silverado 2500HD,"239,000 Miles","Richfield, UT","$7,500",https://cars.ksl.com/listing/10345024
2024 Chevrolet Silverado 2500HD LT,,,"$43,000",https://cars.ksl.com/listing/10370744
2005 Chevrolet Silverado 2500HD LT,"85,000 Miles","Price, UT","$12,000",https://cars.ksl.com/listing/10406121
2022 Chevrolet Silverado 2500HD Work Truck,"37,357 Miles","Draper, UT","$39,900",https://cars.ksl.com/listing/10373418
2007 Chevrolet Silverado 2500HD,,,"$13,800",https://cars.ksl.com/listing/9930271
2024 Chevrolet Silverado 2500HD Work Truck,"58,019 Miles","Payson, UT","$34,950",https://cars.ksl.com/listing/10340061
2013 Chevrolet Silverado 2500HD LT,"164,797 Miles","North Logan, UT","$14,900",https://cars.ksl.com/listing/10394574
2013 GMC 2500 SLE,"188,041 Miles","Pocatello, ID","$13,900",https://cars.ksl.com/listing/10257492
2013 GMC 2500,"243,000 Miles","Orem, UT","$8,500",https://cars.ksl.com/listing/10373645
2025 Chevrolet Silverado 2500HD Work Truck,5 Miles,"American Fork, UT","$52,845",https://cars.ksl.com/listing/10387016
2025 Chevrolet Silverado 2500HD Work Truck,5 Miles,"American Fork, UT","$52,845",https://cars.ksl.com/listing/10387017
2025 Chevrolet Silverado 2500HD Work Truck,5 Miles,"American Fork, UT","$52,845",https://cars.ksl.com/listing/10387013
2020 Chevrolet Silverado 2500HD LT,,,"$32,382",https://cars.ksl.com/listing/10150448
2004 Chevrolet Silverado 2500HD LT,"153,592 Miles","Hyde Park, UT","$9,999",https://cars.ksl.com/listing/10371277
2004 Chevrolet Silverado 2500 LS,"214,000 Miles","Mount Pleasant, UT","$12,750",https://cars.ksl.com/listing/10297635
2004 GMC 2500 SLT,"188,300 Miles","Kuna, ID","$10,900",https://cars.ksl.com/listing/10391567
2026 Chevrolet Silverado 2500HD Work Truck,5 Miles,"American Fork, UT","$53,195",https://cars.ksl.com/listing/10388616
2026 Chevrolet Silverado 2500HD Work Truck,5 Miles,"American Fork, UT","$53,195",https://cars.ksl.com/listing/10388592
2026 Chevrolet Silverado 2500HD Work Truck,5 Miles,"American Fork, UT","$53,195",https://cars.ksl.com/listing/10388591
2026 Chevrolet Silverado 2500HD Work Truck,5 Miles,"American Fork, UT","$53,195",https://cars.ksl.com/listing/10388615
2004 Chevrolet Silverado 2500HD,,,"$17,000",https://cars.ksl.com/listing/10353411
2013 Chevrolet Silverado 2500HD Work Truck,"130,948 Miles","Saratoga Springs, UT","$14,950",https://cars.ksl.com/listing/10390611
2004 Chevrolet Silverado 2500HD LS,"55,029 Miles","Orem, UT","$31,995",https://cars.ksl.com/listing/10313074
2010 Chevrolet Silverado 2500HD K2500 HEAVY DUTY LTZ,,,"$14,500",https://cars.ksl.com/listing/10360423
2021 Chevrolet Silverado 2500HD LT,"103,023 Miles","South Salt Lake, UT","$34,990",https://cars.ksl.com/listing/10194207
2021 Chevrolet Silverado 2500HD LT,"172,354 Miles","Nampa, ID","$26,995",https://cars.ksl.com/listing/10389116
2020 Chevrolet Silverado 2500HD Work Truck,"169,395 Miles","Sandy, UT","$21,450",https://cars.ksl.com/listing/10388856
2013 GMC 2500 SLE1,,,"$15,999",https://cars.ksl.com/listing/10387666
2022 GMC 2500 SLE,"106,159 Miles","Sandy, UT","$36,500",https://cars.ksl.com/listing/10387138
2013 Chevrolet Silverado 2500HD LT,,,"$11,500",https://cars.ksl.com/listing/10382593
2004 Chevrolet Silverado 2500HD LS,"258,310 Miles","Provo, UT","$11,999",https://cars.ksl.com/listing/10379959
2003 GMC 2500,"170,403 Miles","American Fork, UT","$13,500",https://cars.ksl.com/listing/10346110
2020 Chevrolet Silverado 2500HD LT,,,"$32,382",https://cars.ksl.com/listing/10150448
2024 Chevrolet Silverado 2500HD Custom,"12,500 Miles","Idaho Falls, ID","$37,000",https://cars.ksl.com/listing/10377154
2007 Chevrolet Silverado 2500HD LT3,"164,000 Miles","Hyrum, UT","$11,000",https://cars.ksl.com/listing/10373180
2022 Chevrolet Silverado 2500HD Work Truck,,,"$45,000",https://cars.ksl.com/listing/10372856
2012 Chevrolet Silverado 2500HD LT,"147,900 Miles","Midvale, UT","$17,999",https://cars.ksl.com/listing/10368692
